<?xml version="1.0" encoding="UTF-8"?>
<metadata xml:lang="en"><Esri><CreaDate>20141202</CreaDate><CreaTime>09053500</CreaTime><SyncOnce>FALSE</SyncOnce><SyncDate>20141113</SyncDate><SyncTime>15450800</SyncTime><ModDate>20141113</ModDate><ModTime>15450800</ModTime><DataProperties><lineage><Process ToolSource="C:\Program Files (x86)\ArcGIS\Desktop10.0\ArcToolbox\Toolboxes\Data Management Tools.tbx\CalculateField" Date="20100914" Time="110826" Name="" export="">CalculateField parcel_poly ACRES ROUND( ([SHAPE_Area] /43560),3) VB #</Process><Process ToolSource="C:\Program Files (x86)\ArcGIS\Desktop10.0\ArcToolbox\Toolboxes\Data Management Tools.tbx\CalculateField" Date="20100915" Time="110540" Name="" export="">CalculateField parcel_poly ACRES ROUND( ([SHAPE_Area] /43560),3) VB #</Process><Process ToolSource="C:\Program Files (x86)\ArcGIS\Desktop10.0\ArcToolbox\Toolboxes\Data Management Tools.tbx\CalculateField" Date="20120308" Time="103833" Name="" export="">CalculateField parcel_poly ACRES ROUND( ([SHAPE_Area] /43560),3) VB #</Process><Process ToolSource="C:\Program Files (x86)\ArcGIS\Desktop10.0\ArcToolbox\Toolboxes\Data Management Tools.tbx\CalculateField" Date="20120308" Time="103857" Name="" export="">CalculateField parcel_poly ACRES ROUND( ([SHAPE_Area] /43560),3) VB #</Process><Process ToolSource="C:\Program Files (x86)\ArcGIS\Desktop10.0\ArcToolbox\Toolboxes\Data Management Tools.tbx\CalculateField" Date="20120308" Time="103920" Name="" export="">CalculateField parcel_poly ACRES ROUND(([SHAPE_Area] /43560),3) VB #</Process><Process ToolSource="C:\Program Files (x86)\ArcGIS\Desktop10.0\ArcToolbox\Toolboxes\Data Management Tools.tbx\CalculateField" Date="20120308" Time="104155" Name="" export="">CalculateField parcel_poly ACRES ROUND(([SHAPE_Area] /43560),3) VB #</Process><Process ToolSource="C:\Program Files (x86)\ArcGIS\Desktop10.0\ArcToolbox\Toolboxes\Data Management Tools.tbx\CalculateField" Date="20120308" Time="104849" Name="" export="">CalculateField parcel_poly ACRES ROUND( ( [SHAPE_Area]/43560),3) VB #</Process><Process ToolSource="c:\program files (x86)\arcgis\desktop10.1\ArcToolbox\Toolboxes\Data Management Tools.tbx\CalculateField" Date="20120905" Time="155204" Name="" export="">CalculateField "New Group Layer\parcel_poly" ACRES ROUND( ([SHAPE_Area] /43560),3) VB #</Process></lineage><itemProps><itemLocation><linkage Sync="TRUE">file://\\IT098\C$\GISdata\parcels\cpl.mdb</linkage><protocol Sync="TRUE">Local Area Network</protocol></itemLocation><itemName Sync="TRUE">parcel_poly</itemName><imsContentType Sync="TRUE">002</imsContentType><nativeExtBox><westBL Sync="TRUE">6251101.891000</westBL><eastBL Sync="TRUE">6465020.655000</eastBL><southBL Sync="TRUE">2006739.080000</southBL><northBL Sync="TRUE">2338900.141000</northBL><exTypeCode Sync="TRUE">1</exTypeCode></nativeExtBox></itemProps><coordRef><type Sync="TRUE">Projected</type><geogcsn Sync="TRUE">GCS_North_American_1983</geogcsn><csUnits Sync="TRUE">Linear Unit: Foot_US (0.304801)</csUnits><projcsn Sync="TRUE">NAD_1983_StatePlane_California_II_FIPS_0402_Feet</projcsn><peXml Sync="TRUE">&lt;ProjectedCoordinateSystem xsi:type='typens:ProjectedCoordinateSystem' xmlns:xsi='http://www.w3.org/2001/XMLSchema-instance' xmlns:xs='http://www.w3.org/2001/XMLSchema' xmlns:typens='http://www.esri.com/schemas/ArcGIS/10.1'&gt;&lt;WKT&gt;PROJCS[&amp;quot;NAD_1983_StatePlane_California_II_FIPS_0402_Feet&amp;quot;,GEOGCS[&amp;quot;GCS_North_American_1983&amp;quot;,DATUM[&amp;quot;D_North_American_1983&amp;quot;,SPHEROID[&amp;quot;GRS_1980&amp;quot;,6378137.0,298.257222101]],PRIMEM[&amp;quot;Greenwich&amp;quot;,0.0],UNIT[&amp;quot;Degree&amp;quot;,0.0174532925199433]],PROJECTION[&amp;quot;Lambert_Conformal_Conic&amp;quot;],PARAMETER[&amp;quot;False_Easting&amp;quot;,6561666.666666666],PARAMETER[&amp;quot;False_Northing&amp;quot;,1640416.666666667],PARAMETER[&amp;quot;Central_Meridian&amp;quot;,-122.0],PARAMETER[&amp;quot;Standard_Parallel_1&amp;quot;,38.33333333333334],PARAMETER[&amp;quot;Standard_Parallel_2&amp;quot;,39.83333333333334],PARAMETER[&amp;quot;Latitude_Of_Origin&amp;quot;,37.66666666666666],UNIT[&amp;quot;Foot_US&amp;quot;,0.3048006096012192],AUTHORITY[&amp;quot;EPSG&amp;quot;,2226]]&lt;/WKT&gt;&lt;XOrigin&gt;-115211800&lt;/XOrigin&gt;&lt;YOrigin&gt;-93821500&lt;/YOrigin&gt;&lt;XYScale&gt;4000&lt;/XYScale&gt;&lt;ZOrigin&gt;-1000&lt;/ZOrigin&gt;&lt;ZScale&gt;8000&lt;/ZScale&gt;&lt;MOrigin&gt;0&lt;/MOrigin&gt;&lt;MScale&gt;1000&lt;/MScale&gt;&lt;XYTolerance&gt;0.002&lt;/XYTolerance&gt;&lt;ZTolerance&gt;0.002&lt;/ZTolerance&gt;&lt;MTolerance&gt;0.002&lt;/MTolerance&gt;&lt;HighPrecision&gt;true&lt;/HighPrecision&gt;&lt;WKID&gt;102642&lt;/WKID&gt;&lt;LatestWKID&gt;2226&lt;/LatestWKID&gt;&lt;/ProjectedCoordinateSystem&gt;</peXml></coordRef></DataProperties><ArcGISFormat>1.0</ArcGISFormat><scaleRange><minScale>150000000</minScale><maxScale>5000</maxScale></scaleRange><ArcGISProfile>ISO19139</ArcGISProfile><ArcGISstyle>ISO 19139 Metadata Implementation Specification</ArcGISstyle></Esri><idinfo><native Sync="TRUE">Microsoft Windows 2000 Version 5.0 (Build 2195) Service Pack 4; ESRI ArcCatalog 9.1.0.722</native><descript><langdata Sync="TRUE">en</langdata><abstract>Lake County Assessors parcels</abstract><purpose>This data was developed as a Planning Division tool for general information purposes only. It is an attempt to create a seamless county-wide layer for land use planning purposes, and therefore does not necessarily represent parcel size or boundaries reflected in legal descriptions. THIS LAYER SHOULD NOT BE USED FOR ANY PURPOSE OTHER THAN LAND USE PLANNING!</purpose></descript><citation><citeinfo><origin>County of Lake</origin><pubdate>Unknown</pubdate><title Sync="TRUE">parcel_poly</title><ftname Sync="TRUE">parcel_poly</ftname><geoform Sync="TRUE">vector digital data</geoform><onlink Sync="TRUE">\\IT081\C\GISdata\parcels\cpl.mdb</onlink></citeinfo></citation><timeperd><current>publication date</current><timeinfo><sngdate><caldate>12/1-2003</caldate></sngdate></timeinfo></timeperd><status><progress>Complete</progress><update>As needed</update></status><spdom><bounding><westbc Sync="TRUE">-123.101810</westbc><eastbc Sync="TRUE">-122.338529</eastbc><northbc Sync="TRUE">39.583702</northbc><southbc Sync="TRUE">38.667442</southbc></bounding><lboundng><leftbc Sync="TRUE">6251115.531000</leftbc><rightbc Sync="TRUE">6465017.883000</rightbc><bottombc Sync="TRUE">2006748.799000</bottombc><topbc Sync="TRUE">2338778.268000</topbc></lboundng></spdom><keywords><place><placekey>Lake County</placekey><placekey>Lakeport</placekey><placekey>Clearlake</placekey></place><theme><themekey>parcel</themekey><themekey>lot</themekey><themekey>APN</themekey><themekt>none</themekt><themekey>Assessor</themekey></theme></keywords><accconst>none</accconst><useconst>THIS LAYER SHOULD NOT BE USED FOR ANY PURPOSE OTHER THAN LAND USE PLANNING!</useconst><natvform Sync="TRUE">Personal GeoDatabase Feature Class</natvform><ptcontac><cntinfo><cntorgp><cntorg>Lake County Information Technology</cntorg><cntper>Lon Sharp</cntper></cntorgp><cntpos>GIS Specialist</cntpos><cntaddr><addrtype>mailing and physical address</addrtype><address>255 N. Forbes St.</address><city>Lakeport</city><state>CA</state><postal>95453</postal><country>USA</country></cntaddr><cntvoice>707 263-2287</cntvoice><cntfax>707 263-2548</cntfax><cntemail>lon_s@co.lake.ca.us</cntemail></cntinfo></ptcontac></idinfo><dataIdInfo><envirDesc Sync="TRUE">Microsoft Windows 7 Version 6.1 (Build 7601) Service Pack 1; Esri ArcGIS 10.2.2.3552</envirDesc><dataLang><languageCode Sync="TRUE" value="eng"/><countryCode value="USA" Sync="TRUE"/></dataLang><idCitation><resTitle Sync="TRUE">parcel_poly</resTitle><presForm><PresFormCd Sync="TRUE" value="005"/></presForm></idCitation><spatRpType><SpatRepTypCd Sync="TRUE" value="001"/></spatRpType><dataExt><geoEle><GeoBndBox esriExtentType="native"><westBL Sync="TRUE">6251115.531</westBL><eastBL Sync="TRUE">6465017.883</eastBL><northBL Sync="TRUE">2338778.268</northBL><southBL Sync="TRUE">2006748.799</southBL><exTypeCode Sync="TRUE">1</exTypeCode></GeoBndBox></geoEle></dataExt><geoBox esriExtentType="decdegrees"><westBL Sync="TRUE">-123.10181</westBL><eastBL Sync="TRUE">-122.338529</eastBL><northBL Sync="TRUE">39.583702</northBL><southBL Sync="TRUE">38.667442</southBL><exTypeCode Sync="TRUE">1</exTypeCode></geoBox><dataExt><geoEle xmlns=""><GeoBndBox esriExtentType="search"><exTypeCode Sync="TRUE">1</exTypeCode><westBL Sync="TRUE">-123.101864</westBL><eastBL Sync="TRUE">-122.338519</eastBL><northBL Sync="TRUE">39.584037</northBL><southBL Sync="TRUE">38.667415</southBL></GeoBndBox></geoEle></dataExt><idPurp>This data was developed as a Planning Division tool for general information purposes only. It is an attempt to create a seamless county-wide layer for land use planning purposes, and therefore does not necessarily represent parcel size or boundaries reflected in legal descriptions. THIS LAYER SHOULD NOT BE USED FOR ANY PURPOSE OTHER THAN LAND USE PLANNING!</idPurp><idAbs>&lt;DIV STYLE="text-align:Left;"&gt;&lt;DIV&gt;&lt;DIV&gt;&lt;P&gt;&lt;SPAN&gt;Lake County Assessors parcels&lt;/SPAN&gt;&lt;/P&gt;&lt;/DIV&gt;&lt;/DIV&gt;&lt;/DIV&gt;</idAbs><searchKeys><keyword>parcel</keyword><keyword>lot</keyword><keyword>APN</keyword><keyword>Assessor</keyword></searchKeys><resConst><Consts><useLimit>&lt;DIV STYLE="text-align:Left;"&gt;&lt;DIV&gt;&lt;DIV&gt;&lt;P&gt;&lt;SPAN&gt;THIS LAYER SHOULD NOT BE USED FOR ANY PURPOSE OTHER THAN LAND USE PLANNING!&lt;/SPAN&gt;&lt;/P&gt;&lt;P&gt;&lt;SPAN&gt;Not to be used for survey purposes.&lt;/SPAN&gt;&lt;/P&gt;&lt;P&gt;&lt;SPAN&gt;This data is provided at no cost by the County of Lake, California. Resale is not permitted.&lt;/SPAN&gt;&lt;/P&gt;&lt;/DIV&gt;&lt;/DIV&gt;&lt;/DIV&gt;</useLimit></Consts></resConst></dataIdInfo><metainfo><langmeta Sync="TRUE">en</langmeta><metstdn Sync="TRUE">FGDC Content Standards for Digital Geospatial Metadata</metstdn><metstdv Sync="TRUE">FGDC-STD-001-1998</metstdv><mettc Sync="TRUE">local time</mettc><metc><cntinfo><cntorgp><cntper>REQUIRED: The person responsible for the metadata information.</cntper><cntorg>REQUIRED: The organization responsible for the metadata information.</cntorg></cntorgp><cntaddr><addrtype>REQUIRED: The mailing and/or physical address for the organization or individual.</addrtype><city>REQUIRED: The city of the address.</city><state>REQUIRED: The state or province of the address.</state><postal>REQUIRED: The ZIP or other postal code of the address.</postal></cntaddr><cntvoice>REQUIRED: The telephone number by which individuals can speak to the organization or individual.</cntvoice></cntinfo></metc><metd Sync="TRUE">20060612</metd></metainfo><mdLang><languageCode Sync="TRUE" value="eng"/><countryCode value="USA" Sync="TRUE"/></mdLang><mdStanName Sync="TRUE">ISO 19115 Geographic Information - Metadata</mdStanName><mdStanVer Sync="TRUE">DIS_ESRI1.0</mdStanVer><mdChar><CharSetCd Sync="TRUE" value="004"/></mdChar><mdHrLv><ScopeCd Sync="TRUE" value="005"/></mdHrLv><mdHrLvName Sync="TRUE">dataset</mdHrLvName><distinfo><resdesc Sync="TRUE">Downloadable Data</resdesc></distinfo><distInfo><distributor><distorTran><onLineSrc><orDesc Sync="TRUE">002</orDesc><linkage Sync="TRUE">file://\\IT081\C\GISdata\parcels\cpl.mdb</linkage><protocol Sync="TRUE">Local Area Network</protocol></onLineSrc></distorTran><distorFormat><formatName Sync="TRUE">Personal GeoDatabase Feature Class</formatName></distorFormat></distributor><distFormat><formatName Sync="TRUE">Personal GeoDatabase Feature Class</formatName></distFormat></distInfo><spdoinfo><direct Sync="TRUE">Vector</direct><ptvctinf><esriterm Name="parcel_poly"><efeatyp Sync="TRUE">Simple</efeatyp><efeageom code="4" Sync="TRUE"></efeageom><esritopo Sync="TRUE">TRUE</esritopo><efeacnt Sync="TRUE">64211</efeacnt><spindex Sync="TRUE">TRUE</spindex><linrefer Sync="TRUE">FALSE</linrefer><XYRank Sync="TRUE">1</XYRank><ZRank Sync="TRUE">1</ZRank><topoWeight Sync="TRUE">5.000000</topoWeight><validateEvents Sync="TRUE">FALSE</validateEvents><partTopoRules><topoRuleID Sync="TRUE">3</topoRuleID></partTopoRules><partTopoRules><topoRuleID Sync="TRUE">4</topoRuleID></partTopoRules><partTopoRules><topoRuleID Sync="TRUE">5</topoRuleID></partTopoRules></esriterm></ptvctinf></spdoinfo><spref><horizsys><cordsysn><geogcsn Sync="TRUE">GCS_North_American_1983</geogcsn><projcsn Sync="TRUE">NAD_1983_StatePlane_California_II_FIPS_0402_Feet</projcsn></cordsysn><planar><planci><plance Sync="TRUE">coordinate pair</plance><plandu Sync="TRUE">survey feet</plandu><coordrep><absres Sync="TRUE">0.001000</absres><ordres Sync="TRUE">0.001000</ordres></coordrep></planci></planar><geodetic><horizdn Sync="TRUE">North American Datum of 1983</horizdn><ellips Sync="TRUE">Geodetic Reference System 80</ellips><semiaxis Sync="TRUE">6378137.000000</semiaxis><denflat Sync="TRUE">298.257222</denflat></geodetic></horizsys><vertdef><altsys><altenc Sync="TRUE">Explicit elevation coordinate included with horizontal coordinates</altenc><altres Sync="TRUE">0.001000</altres></altsys></vertdef></spref><refSysInfo><RefSystem><refSysID><identCode Sync="TRUE" code="2226">NAD_1983_StatePlane_California_II_FIPS_0402_Feet</identCode><idCodeSpace Sync="TRUE">EPSG</idCodeSpace><idVersion Sync="TRUE">8.2.6</idVersion></refSysID></RefSystem></refSysInfo><spatRepInfo><VectSpatRep><geometObjs Name="parcel_poly"><geoObjTyp><GeoObjTypCd value="002" Sync="TRUE"></GeoObjTypCd></geoObjTyp><geoObjCnt Sync="TRUE">64211</geoObjCnt></geometObjs><topLvl><TopoLevCd value="004" Sync="TRUE"></TopoLevCd></topLvl></VectSpatRep></spatRepInfo><eainfo><detailed Name="parcel_poly"><enttyp><enttypl Sync="TRUE">parcel_poly</enttypl><enttypt Sync="TRUE">Feature Class</enttypt><enttypc Sync="TRUE">64211</enttypc></enttyp><attr><attrlabl Sync="TRUE">OBJECTID</attrlabl><attalias Sync="TRUE">OBJECTID</attalias><attrtype Sync="TRUE">OID</attrtype><attwidth Sync="TRUE">4</attwidth><atprecis Sync="TRUE">0</atprecis><attscale Sync="TRUE">0</attscale><attrdef Sync="TRUE">Internal feature number.</attrdef><attrdefs Sync="TRUE">ESRI</attrdefs><attrdomv><udom Sync="TRUE">Sequential unique whole numbers that are automatically generated.</udom></attrdomv></attr><attr><attrlabl Sync="TRUE">SHAPE</attrlabl><attalias Sync="TRUE">SHAPE</attalias><attrtype Sync="TRUE">Geometry</attrtype><attwidth Sync="TRUE">0</attwidth><atprecis Sync="TRUE">0</atprecis><attscale Sync="TRUE">0</attscale><attrdef Sync="TRUE">Feature geometry.</attrdef><attrdefs Sync="TRUE">ESRI</attrdefs><attrdomv><udom Sync="TRUE">Coordinates defining the features.</udom></attrdomv></attr><attr><attrlabl Sync="TRUE">APN</attrlabl><attalias Sync="TRUE">APN</attalias><attrtype Sync="TRUE">String</attrtype><attwidth Sync="TRUE">8</attwidth><atprecis Sync="TRUE">0</atprecis><attscale Sync="TRUE">0</attscale><attrdef>8 digit Assessors Parcel Number without hyphens</attrdef></attr><attr><attrlabl Sync="TRUE">SHAPE_Length</attrlabl><attalias Sync="TRUE">SHAPE_Length</attalias><attrtype Sync="TRUE">Double</attrtype><attwidth Sync="TRUE">8</attwidth><atprecis Sync="TRUE">0</atprecis><attscale Sync="TRUE">0</attscale><attrdef>Length of feature in feet.</attrdef><attrdefs Sync="TRUE">ESRI</attrdefs><attrdomv><udom Sync="TRUE">Positive real numbers that are automatically generated.</udom></attrdomv></attr><attr><attrlabl Sync="TRUE">SHAPE_Area</attrlabl><attalias Sync="TRUE">SHAPE_Area</attalias><attrtype Sync="TRUE">Double</attrtype><attwidth Sync="TRUE">8</attwidth><atprecis Sync="TRUE">0</atprecis><attscale Sync="TRUE">0</attscale><attrdef Sync="TRUE">Area of feature in internal units squared.</attrdef><attrdefs Sync="TRUE">ESRI</attrdefs><attrdomv><udom Sync="TRUE">Positive real numbers that are automatically generated.</udom></attrdomv></attr><attr><attrlabl Sync="TRUE">ACRES</attrlabl><attalias Sync="TRUE">ACRES</attalias><attrtype Sync="TRUE">Double</attrtype><attwidth Sync="TRUE">8</attwidth><atprecis Sync="TRUE">0</atprecis><attscale Sync="TRUE">0</attscale><attrdef>Acres of feature</attrdef></attr><attr><attrlabl Sync="TRUE">PARCEL</attrlabl><attalias Sync="TRUE">PARCEL</attalias><attrtype Sync="TRUE">String</attrtype><attwidth Sync="TRUE">10</attwidth><atprecis Sync="TRUE">0</atprecis><attscale Sync="TRUE">0</attscale><attrdef>8 digit Assessor Parcel Number with hyphens</attrdef></attr></detailed></eainfo><mdDateSt Sync="TRUE">20141113</mdDateSt></metadata>
